epoch,steps,accuracy_cosine
0.2109704641350211,100,0.9915700554847717
0.4219409282700422,200,0.9957850575447083
0.2109704641350211,100,0.9926238059997559
0.4219409282700422,200,0.9957850575447083
0.6329113924050633,300,0.9968387484550476
0.8438818565400844,400,0.9957850575447083
